{
  "SUPREME_INTEGRATION.py": {
    "executions": 3,
    "successes": 0,
    "failures": 3,
    "total_time": 0.1129922866821289,
    "avg_time": 0.03766409556070963,
    "min_time": 0.03672385215759277,
    "max_time": 0.038842201232910156
  },
  "CODEBEAST_MEGA_INTEGRATION.py": {
    "executions": 1,
    "successes": 1,
    "failures": 0,
    "total_time": 1.946357011795044,
    "avg_time": 1.946357011795044,
    "min_time": 1.946357011795044,
    "max_time": 1.946357011795044
  },
  "SCAN_ALL_DRIVES.py": {
    "executions": 3,
    "successes": 0,
    "failures": 3,
    "total_time": 0.1046288013458252,
    "avg_time": 0.03487626711527506,
    "min_time": 0.02996206283569336,
    "max_time": 0.04172992706298828
  },
  "OMNIDIRECTIONAL.py": {
    "executions": 3,
    "successes": 0,
    "failures": 3,
    "total_time": 0.2790987491607666,
    "avg_time": 0.0930329163869222,
    "min_time": 0.05019807815551758,
    "max_time": 0.17108678817749023
  }
}