{
  "SUPREME_INTEGRATION.py": {
    "executions": 3,
    "successes": 0,
    "failures": 3,
    "total_time": 0.16582608222961426,
    "avg_time": 0.05527536074320475,
    "min_time": 0.041066884994506836,
    "max_time": 0.0835120677947998
  },
  "CODEBEAST_MEGA_INTEGRATION.py": {
    "executions": 1,
    "successes": 1,
    "failures": 0,
    "total_time": 1.3302838802337646,
    "avg_time": 1.3302838802337646,
    "min_time": 1.3302838802337646,
    "max_time": 1.3302838802337646
  },
  "SCAN_ALL_DRIVES.py": {
    "executions": 3,
    "successes": 0,
    "failures": 3,
    "total_time": 0.11698341369628906,
    "avg_time": 0.03899447123209635,
    "min_time": 0.03747820854187012,
    "max_time": 0.04137420654296875
  },
  "OMNIDIRECTIONAL.py": {
    "executions": 3,
    "successes": 0,
    "failures": 3,
    "total_time": 0.35878968238830566,
    "avg_time": 0.11959656079610188,
    "min_time": 0.05873394012451172,
    "max_time": 0.24096894264221191
  }
}